"total_count","id","memb_id","device_desc","get_time","heart_rate","create_dttm"
196,1184,"52a62c11-7c4f-4912-91c9-ff5c145328cd",갤럭시워치(Galaxy Watch),"2024-04-24 21:10:35",54,"2024-04-24 21:30:35"
196,1183,"52a62c11-7c4f-4912-91c9-ff5c145328cd",갤럭시워치(Galaxy Watch),"2024-04-24 17:03:44",77,"2024-04-24 17:03:45"
196,1181,"52a62c11-7c4f-4912-91c9-ff5c145328cd",갤럭시워치(Galaxy Watch),"2024-04-22 19:08:45",75,"2024-04-22 19:08:47"
196,1180,"52a62c11-7c4f-4912-91c9-ff5c145328cd",갤럭시워치(Galaxy Watch),"2024-04-21 18:23:27",59,"2024-04-21 18:23:28"
196,1176,"52a62c11-7c4f-4912-91c9-ff5c145328cd",갤럭시워치(Galaxy Watch),"2024-04-18 17:24:21",76,"2024-04-18 17:36:58"
196,1173,"52a62c11-7c4f-4912-91c9-ff5c145328cd",갤럭시워치(Galaxy Watch),"2024-04-16 02:22:43",67,"2024-04-16 02:22:45"
196,1172,"52a62c11-7c4f-4912-91c9-ff5c145328cd",갤럭시워치(Galaxy Watch),"2024-04-14 18:52:21",81,"2024-04-14 18:52:23"
196,1169,"52a62c11-7c4f-4912-91c9-ff5c145328cd",갤럭시워치(Galaxy Watch),"2024-04-12 15:09:19",63,"2024-04-12 15:09:20"
196,1166,"52a62c11-7c4f-4912-91c9-ff5c145328cd",갤럭시워치(Galaxy Watch),"2024-04-10 18:38:22",69,"2024-04-10 18:38:23"
196,1165,"52a62c11-7c4f-4912-91c9-ff5c145328cd",갤럭시워치(Galaxy Watch),"2024-04-09 21:24:53",84,"2024-04-09 21:24:54"
196,1164,"52a62c11-7c4f-4912-91c9-ff5c145328cd",갤럭시워치(Galaxy Watch),"2024-04-09 18:20:55",82,"2024-04-09 18:20:56"
196,1163,"52a62c11-7c4f-4912-91c9-ff5c145328cd",갤럭시워치(Galaxy Watch),"2024-04-08 17:57:56",76,"2024-04-08 17:57:58"
196,1162,"52a62c11-7c4f-4912-91c9-ff5c145328cd",갤럭시워치(Galaxy Watch),"2024-04-08 15:14:46",62,"2024-04-08 15:14:48"
196,1160,"52a62c11-7c4f-4912-91c9-ff5c145328cd",갤럭시워치(Galaxy Watch),"2024-04-05 01:56:33",66,"2024-04-05 01:56:33"
196,1159,"52a62c11-7c4f-4912-91c9-ff5c145328cd",갤럭시워치(Galaxy Watch),"2024-04-05 00:18:41",73,"2024-04-05 00:18:41"
196,1157,"52a62c11-7c4f-4912-91c9-ff5c145328cd",갤럭시워치(Galaxy Watch),"2024-04-03 18:40:36",72,"2024-04-03 18:49:10"
196,890,"52a62c11-7c4f-4912-91c9-ff5c145328cd",갤럭시워치(Galaxy Watch),"2024-02-17 18:33:57",57,"2024-02-17 18:43:31"
196,889,"52a62c11-7c4f-4912-91c9-ff5c145328cd",갤럭시워치(Galaxy Watch),"2024-02-12 23:05:33",68,"2024-02-12 23:05:52"
196,887,"52a62c11-7c4f-4912-91c9-ff5c145328cd",갤럭시워치(Galaxy Watch),"2024-02-11 05:42:20",65,"2024-02-11 05:43:46"
196,886,"52a62c11-7c4f-4912-91c9-ff5c145328cd",갤럭시워치(Galaxy Watch),"2024-02-11 00:49:41",71,"2024-02-11 00:49:58"
196,885,"52a62c11-7c4f-4912-91c9-ff5c145328cd",갤럭시워치(Galaxy Watch),"2024-02-08 00:35:45",72,"2024-02-08 00:36:04"
196,884,"52a62c11-7c4f-4912-91c9-ff5c145328cd",갤럭시워치(Galaxy Watch),"2024-02-05 18:18:52",71,"2024-02-05 18:19:14"
196,883,"52a62c11-7c4f-4912-91c9-ff5c145328cd",갤럭시워치(Galaxy Watch),"2024-02-02 17:23:58",71,"2024-02-02 17:25:23"
196,882,"52a62c11-7c4f-4912-91c9-ff5c145328cd",갤럭시워치(Galaxy Watch),"2024-01-31 17:54:20",77,"2024-01-31 17:54:41"
196,881,"52a62c11-7c4f-4912-91c9-ff5c145328cd",갤럭시워치(Galaxy Watch),"2024-01-31 17:54:01",75,"2024-01-31 17:54:21"
196,879,"52a62c11-7c4f-4912-91c9-ff5c145328cd",갤럭시워치(Galaxy Watch),"2024-01-29 07:08:33",58,"2024-01-29 07:18:25"
196,878,"52a62c11-7c4f-4912-91c9-ff5c145328cd",갤럭시워치(Galaxy Watch),"2024-01-24 23:36:50",63,"2024-01-24 23:37:09"
196,845,"52a62c11-7c4f-4912-91c9-ff5c145328cd",갤럭시워치(Galaxy Watch),"2024-01-22 02:02:08",65,"2024-01-22 02:03:27"
196,844,"52a62c11-7c4f-4912-91c9-ff5c145328cd",갤럭시워치(Galaxy Watch),"2024-01-16 17:31:26",66,"2024-01-16 17:32:44"
196,843,"52a62c11-7c4f-4912-91c9-ff5c145328cd",갤럭시워치(Galaxy Watch),"2024-01-16 17:31:03",68,"2024-01-16 17:32:21"
196,842,"52a62c11-7c4f-4912-91c9-ff5c145328cd",갤럭시워치(Galaxy Watch),"2024-01-16 00:42:02",72,"2024-01-16 00:43:19"
196,834,"52a62c11-7c4f-4912-91c9-ff5c145328cd",갤럭시워치(Galaxy Watch),"2024-01-07 16:56:07",58,"2024-01-07 16:57:22"
196,830,"52a62c11-7c4f-4912-91c9-ff5c145328cd",갤럭시워치(Galaxy Watch),"2024-01-07 00:29:37",63,"2024-01-07 00:31:01"
196,829,"52a62c11-7c4f-4912-91c9-ff5c145328cd",갤럭시워치(Galaxy Watch),"2024-01-07 00:29:04",69,"2024-01-07 00:30:33"
196,765,"52a62c11-7c4f-4912-91c9-ff5c145328cd",갤럭시워치(Galaxy Watch),"2023-12-21 16:50:36",76,"2023-12-21 16:51:49"
196,762,"52a62c11-7c4f-4912-91c9-ff5c145328cd",갤럭시워치(Galaxy Watch),"2023-12-21 04:24:35",65,"2023-12-21 04:38:48"
196,761,"52a62c11-7c4f-4912-91c9-ff5c145328cd",갤럭시워치(Galaxy Watch),"2023-12-20 17:22:09",77,"2023-12-20 17:23:20"
196,758,"52a62c11-7c4f-4912-91c9-ff5c145328cd",갤럭시워치(Galaxy Watch),"2023-12-20 01:09:27",75,"2023-12-20 01:11:32"
196,721,"52a62c11-7c4f-4912-91c9-ff5c145328cd",갤럭시워치(Galaxy Watch),"2023-12-11 18:24:26",61,"2023-12-11 18:25:34"
196,714,"52a62c11-7c4f-4912-91c9-ff5c145328cd",갤럭시워치(Galaxy Watch),"2023-12-09 03:16:01",64,"2023-12-09 03:17:15"
196,706,"52a62c11-7c4f-4912-91c9-ff5c145328cd",갤럭시워치(Galaxy Watch),"2023-12-07 17:55:20",64,"2023-12-07 17:56:28"
196,697,"52a62c11-7c4f-4912-91c9-ff5c145328cd",갤럭시워치(Galaxy Watch),"2023-12-04 22:59:00",73,"2023-12-04 23:00:43"
196,694,"52a62c11-7c4f-4912-91c9-ff5c145328cd",갤럭시워치(Galaxy Watch),"2023-12-04 15:25:57",108,"2023-12-04 15:27:05"
196,683,"52a62c11-7c4f-4912-91c9-ff5c145328cd",갤럭시워치(Galaxy Watch),"2023-11-30 17:00:32",73,"2023-11-30 17:01:39"
196,682,"52a62c11-7c4f-4912-91c9-ff5c145328cd",갤럭시워치(Galaxy Watch),"2023-11-30 17:00:08",75,"2023-11-30 17:01:15"
196,673,"52a62c11-7c4f-4912-91c9-ff5c145328cd",갤럭시워치(Galaxy Watch),"2023-11-29 19:40:40",67,"2023-11-29 19:41:46"
196,671,"52a62c11-7c4f-4912-91c9-ff5c145328cd",갤럭시워치(Galaxy Watch),"2023-11-29 17:10:17",61,"2023-11-29 17:11:22"
196,670,"52a62c11-7c4f-4912-91c9-ff5c145328cd",갤럭시워치(Galaxy Watch),"2023-11-29 17:09:55",66,"2023-11-29 17:11:00"
196,664,"52a62c11-7c4f-4912-91c9-ff5c145328cd",갤럭시워치(Galaxy Watch),"2023-11-29 02:47:26",61,"2023-11-29 02:48:30"
196,621,"52a62c11-7c4f-4912-91c9-ff5c145328cd",갤럭시워치(Galaxy Watch),"2023-11-24 20:24:44",60,"2023-11-24 20:25:48"
196,610,"52a62c11-7c4f-4912-91c9-ff5c145328cd",갤럭시워치(Galaxy Watch),"2023-11-23 15:24:39",62,"2023-11-23 15:25:43"
196,604,"52a62c11-7c4f-4912-91c9-ff5c145328cd",갤럭시워치(Galaxy Watch),"2023-11-20 15:29:23",102,"2023-11-20 15:35:43"
196,602,"52a62c11-7c4f-4912-91c9-ff5c145328cd",갤럭시워치(Galaxy Watch),"2023-11-19 18:51:29",59,"2023-11-19 18:52:33"
196,601,"52a62c11-7c4f-4912-91c9-ff5c145328cd",갤럭시워치(Galaxy Watch),"2023-11-18 22:31:46",67,"2023-11-18 22:32:48"
196,598,"52a62c11-7c4f-4912-91c9-ff5c145328cd",갤럭시워치(Galaxy Watch),"2023-11-17 17:07:53",71,"2023-11-17 17:08:55"
196,596,"52a62c11-7c4f-4912-91c9-ff5c145328cd",갤럭시워치(Galaxy Watch),"2023-11-16 17:32:02",62,"2023-11-16 17:33:04"
196,592,"52a62c11-7c4f-4912-91c9-ff5c145328cd",갤럭시워치(Galaxy Watch),"2023-11-16 15:35:22",101,"2023-11-16 15:52:41"
196,589,"52a62c11-7c4f-4912-91c9-ff5c145328cd",갤럭시워치(Galaxy Watch),"2023-11-16 15:24:18",116,"2023-11-16 15:31:00"
196,577,"52a62c11-7c4f-4912-91c9-ff5c145328cd",갤럭시워치(Galaxy Watch),"2023-11-13 23:27:59",70,"2023-11-13 23:39:49"
196,576,"52a62c11-7c4f-4912-91c9-ff5c145328cd",갤럭시워치(Galaxy Watch),"2023-11-12 16:18:37",61,"2023-11-12 16:19:38"
196,574,"52a62c11-7c4f-4912-91c9-ff5c145328cd",갤럭시워치(Galaxy Watch),"2023-11-10 18:25:05",68,"2023-11-10 18:27:04"
196,573,"52a62c11-7c4f-4912-91c9-ff5c145328cd",갤럭시워치(Galaxy Watch),"2023-11-09 00:42:28",74,"2023-11-09 00:49:01"
196,572,"52a62c11-7c4f-4912-91c9-ff5c145328cd",갤럭시워치(Galaxy Watch),"2023-11-08 03:25:11",62,"2023-11-08 05:42:20"
196,571,"52a62c11-7c4f-4912-91c9-ff5c145328cd",갤럭시워치(Galaxy Watch),"2023-11-08 03:11:45",54,"2023-11-08 03:12:45"
196,570,"52a62c11-7c4f-4912-91c9-ff5c145328cd",갤럭시워치(Galaxy Watch),"2023-11-08 01:55:38",60,"2023-11-08 02:00:57"
196,568,"52a62c11-7c4f-4912-91c9-ff5c145328cd",갤럭시워치(Galaxy Watch),"2023-11-07 19:43:44",70,"2023-11-07 19:44:44"
196,567,"52a62c11-7c4f-4912-91c9-ff5c145328cd",갤럭시워치(Galaxy Watch),"2023-11-07 19:26:52",62,"2023-11-07 19:27:52"
196,569,"52a62c11-7c4f-4912-91c9-ff5c145328cd",갤럭시워치(Galaxy Watch),"2023-11-07 15:34:34",65,"2023-11-07 19:54:25"
196,566,"52a62c11-7c4f-4912-91c9-ff5c145328cd",갤럭시워치(Galaxy Watch),"2023-11-06 07:15:27",59,"2023-11-07 01:28:26"
196,565,"52a62c11-7c4f-4912-91c9-ff5c145328cd",갤럭시워치(Galaxy Watch),"2023-11-04 20:52:08",63,"2023-11-07 01:28:26"
196,564,"52a62c11-7c4f-4912-91c9-ff5c145328cd",갤럭시워치(Galaxy Watch),"2023-11-03 23:24:11",65,"2023-11-07 01:28:26"
196,563,"52a62c11-7c4f-4912-91c9-ff5c145328cd",갤럭시워치(Galaxy Watch),"2023-11-02 19:01:46",63,"2023-11-07 01:28:26"
196,562,"52a62c11-7c4f-4912-91c9-ff5c145328cd",갤럭시워치(Galaxy Watch),"2023-11-01 19:15:33",68,"2023-11-07 01:28:26"
196,560,"52a62c11-7c4f-4912-91c9-ff5c145328cd",갤럭시워치(Galaxy Watch),"2023-11-01 19:14:31",65,"2023-11-07 01:28:26"
196,561,"52a62c11-7c4f-4912-91c9-ff5c145328cd",갤럭시워치(Galaxy Watch),"2023-10-28 03:08:03",58,"2023-11-07 01:28:26"
196,559,"52a62c11-7c4f-4912-91c9-ff5c145328cd",갤럭시워치(Galaxy Watch),"2023-10-26 15:29:59",89,"2023-11-07 01:28:26"
196,558,"52a62c11-7c4f-4912-91c9-ff5c145328cd",갤럭시워치(Galaxy Watch),"2023-10-26 15:22:18",95,"2023-11-07 01:28:26"
196,557,"52a62c11-7c4f-4912-91c9-ff5c145328cd",갤럭시워치(Galaxy Watch),"2023-10-24 22:35:41",73,"2023-11-07 01:28:26"
196,556,"52a62c11-7c4f-4912-91c9-ff5c145328cd",갤럭시워치(Galaxy Watch),"2023-10-24 16:54:41",72,"2023-11-07 01:28:26"
196,555,"52a62c11-7c4f-4912-91c9-ff5c145328cd",갤럭시워치(Galaxy Watch),"2023-10-20 00:46:25",62,"2023-11-07 01:28:26"
196,554,"52a62c11-7c4f-4912-91c9-ff5c145328cd",갤럭시워치(Galaxy Watch),"2023-10-19 20:28:06",63,"2023-11-07 01:28:26"
196,206,"52a62c11-7c4f-4912-91c9-ff5c145328cd",갤럭시워치(Galaxy Watch),"2023-10-15 00:12:56",55,"2023-10-19 00:18:30"
196,205,"52a62c11-7c4f-4912-91c9-ff5c145328cd",갤럭시워치(Galaxy Watch),"2023-10-11 21:02:29",63,"2023-10-19 00:18:30"
196,204,"52a62c11-7c4f-4912-91c9-ff5c145328cd",갤럭시워치(Galaxy Watch),"2023-10-11 01:43:08",60,"2023-10-19 00:18:30"
196,203,"52a62c11-7c4f-4912-91c9-ff5c145328cd",갤럭시워치(Galaxy Watch),"2023-10-10 18:23:02",89,"2023-10-19 00:18:30"
196,202,"52a62c11-7c4f-4912-91c9-ff5c145328cd",갤럭시워치(Galaxy Watch),"2023-10-05 07:09:08",68,"2023-10-19 00:18:30"
196,201,"52a62c11-7c4f-4912-91c9-ff5c145328cd",갤럭시워치(Galaxy Watch),"2023-10-04 22:55:04",63,"2023-10-19 00:18:30"
196,200,"52a62c11-7c4f-4912-91c9-ff5c145328cd",갤럭시워치(Galaxy Watch),"2023-09-26 20:48:46",53,"2023-10-19 00:18:30"
196,199,"52a62c11-7c4f-4912-91c9-ff5c145328cd",갤럭시워치(Galaxy Watch),"2023-09-26 20:03:34",83,"2023-10-19 00:18:30"
196,198,"52a62c11-7c4f-4912-91c9-ff5c145328cd",갤럭시워치(Galaxy Watch),"2023-09-26 20:00:26",65,"2023-10-19 00:18:30"
196,197,"52a62c11-7c4f-4912-91c9-ff5c145328cd",갤럭시워치(Galaxy Watch),"2023-09-25 17:29:32",62,"2023-10-19 00:18:30"
196,196,"52a62c11-7c4f-4912-91c9-ff5c145328cd",갤럭시워치(Galaxy Watch),"2023-09-24 00:59:58",60,"2023-10-19 00:18:30"
196,195,"52a62c11-7c4f-4912-91c9-ff5c145328cd",갤럭시워치(Galaxy Watch),"2023-09-22 20:26:39",60,"2023-10-19 00:18:30"
196,194,"52a62c11-7c4f-4912-91c9-ff5c145328cd",갤럭시워치(Galaxy Watch),"2023-09-22 19:24:11",67,"2023-10-19 00:18:30"
196,192,"52a62c11-7c4f-4912-91c9-ff5c145328cd",갤럭시워치(Galaxy Watch),"2023-09-22 18:30:16",61,"2023-10-19 00:18:30"
196,193,"52a62c11-7c4f-4912-91c9-ff5c145328cd",갤럭시워치(Galaxy Watch),"2023-09-22 18:28:22",68,"2023-10-19 00:18:30"
196,191,"52a62c11-7c4f-4912-91c9-ff5c145328cd",갤럭시워치(Galaxy Watch),"2023-09-22 18:26:04",65,"2023-10-19 00:18:30"
196,190,"52a62c11-7c4f-4912-91c9-ff5c145328cd",갤럭시워치(Galaxy Watch),"2023-09-22 18:15:45",66,"2023-10-19 00:18:30"
196,189,"52a62c11-7c4f-4912-91c9-ff5c145328cd",갤럭시워치(Galaxy Watch),"2023-09-21 18:41:23",54,"2023-10-19 00:18:30"
196,188,"52a62c11-7c4f-4912-91c9-ff5c145328cd",갤럭시워치(Galaxy Watch),"2023-09-21 14:33:16",53,"2023-10-19 00:18:30"
196,187,"52a62c11-7c4f-4912-91c9-ff5c145328cd",갤럭시워치(Galaxy Watch),"2023-09-20 01:56:53",62,"2023-10-19 00:18:30"
196,186,"52a62c11-7c4f-4912-91c9-ff5c145328cd",갤럭시워치(Galaxy Watch),"2023-09-19 23:42:04",65,"2023-10-19 00:18:30"
196,185,"52a62c11-7c4f-4912-91c9-ff5c145328cd",갤럭시워치(Galaxy Watch),"2023-09-19 01:22:50",63,"2023-10-19 00:18:30"
196,184,"52a62c11-7c4f-4912-91c9-ff5c145328cd",갤럭시워치(Galaxy Watch),"2023-09-15 19:19:25",63,"2023-10-19 00:18:30"
196,183,"52a62c11-7c4f-4912-91c9-ff5c145328cd",갤럭시워치(Galaxy Watch),"2023-09-14 15:11:44",59,"2023-10-19 00:18:30"
196,182,"52a62c11-7c4f-4912-91c9-ff5c145328cd",갤럭시워치(Galaxy Watch),"2023-09-13 23:34:23",71,"2023-10-19 00:18:30"
196,181,"52a62c11-7c4f-4912-91c9-ff5c145328cd",갤럭시워치(Galaxy Watch),"2023-09-13 01:39:58",69,"2023-10-19 00:18:30"
196,180,"52a62c11-7c4f-4912-91c9-ff5c145328cd",갤럭시워치(Galaxy Watch),"2023-09-12 20:39:31",67,"2023-10-19 00:18:30"
196,179,"52a62c11-7c4f-4912-91c9-ff5c145328cd",갤럭시워치(Galaxy Watch),"2023-09-11 17:28:08",65,"2023-10-19 00:18:30"
196,178,"52a62c11-7c4f-4912-91c9-ff5c145328cd",갤럭시워치(Galaxy Watch),"2023-09-11 17:24:41",67,"2023-10-19 00:18:30"
196,177,"52a62c11-7c4f-4912-91c9-ff5c145328cd",갤럭시워치(Galaxy Watch),"2023-09-11 17:23:28",66,"2023-10-19 00:18:30"
196,176,"52a62c11-7c4f-4912-91c9-ff5c145328cd",갤럭시워치(Galaxy Watch),"2023-09-08 17:07:36",69,"2023-10-19 00:18:30"
196,175,"52a62c11-7c4f-4912-91c9-ff5c145328cd",갤럭시워치(Galaxy Watch),"2023-09-07 19:44:45",63,"2023-10-19 00:18:30"
196,174,"52a62c11-7c4f-4912-91c9-ff5c145328cd",갤럭시워치(Galaxy Watch),"2023-09-07 19:27:44",63,"2023-10-19 00:18:30"
196,173,"52a62c11-7c4f-4912-91c9-ff5c145328cd",갤럭시워치(Galaxy Watch),"2023-09-07 01:05:59",69,"2023-10-19 00:18:30"
196,172,"52a62c11-7c4f-4912-91c9-ff5c145328cd",갤럭시워치(Galaxy Watch),"2023-09-06 16:35:57",79,"2023-10-19 00:18:30"
196,171,"52a62c11-7c4f-4912-91c9-ff5c145328cd",갤럭시워치(Galaxy Watch),"2023-09-06 00:53:28",66,"2023-10-19 00:18:30"
196,170,"52a62c11-7c4f-4912-91c9-ff5c145328cd",갤럭시워치(Galaxy Watch),"2023-09-03 23:15:55",63,"2023-10-19 00:18:30"
196,169,"52a62c11-7c4f-4912-91c9-ff5c145328cd",갤럭시워치(Galaxy Watch),"2023-09-02 22:08:04",84,"2023-10-19 00:18:30"
196,168,"52a62c11-7c4f-4912-91c9-ff5c145328cd",갤럭시워치(Galaxy Watch),"2023-09-02 20:33:02",72,"2023-10-19 00:18:30"
196,167,"52a62c11-7c4f-4912-91c9-ff5c145328cd",갤럭시워치(Galaxy Watch),"2023-09-01 20:15:55",59,"2023-10-19 00:18:30"
196,166,"52a62c11-7c4f-4912-91c9-ff5c145328cd",갤럭시워치(Galaxy Watch),"2023-09-01 03:48:25",62,"2023-10-19 00:18:30"
196,165,"52a62c11-7c4f-4912-91c9-ff5c145328cd",갤럭시워치(Galaxy Watch),"2023-08-31 16:36:45",73,"2023-10-19 00:18:30"
196,164,"52a62c11-7c4f-4912-91c9-ff5c145328cd",갤럭시워치(Galaxy Watch),"2023-08-30 03:31:16",57,"2023-10-19 00:18:30"
196,163,"52a62c11-7c4f-4912-91c9-ff5c145328cd",갤럭시워치(Galaxy Watch),"2023-08-30 03:26:58",59,"2023-10-19 00:18:30"
196,162,"52a62c11-7c4f-4912-91c9-ff5c145328cd",갤럭시워치(Galaxy Watch),"2023-08-30 03:26:07",59,"2023-10-19 00:18:30"
196,161,"52a62c11-7c4f-4912-91c9-ff5c145328cd",갤럭시워치(Galaxy Watch),"2023-08-30 01:45:33",63,"2023-10-19 00:18:30"
196,160,"52a62c11-7c4f-4912-91c9-ff5c145328cd",갤럭시워치(Galaxy Watch),"2023-08-29 22:14:13",81,"2023-10-19 00:18:30"
196,159,"52a62c11-7c4f-4912-91c9-ff5c145328cd",갤럭시워치(Galaxy Watch),"2023-08-28 23:14:18",64,"2023-10-19 00:18:30"
196,158,"52a62c11-7c4f-4912-91c9-ff5c145328cd",갤럭시워치(Galaxy Watch),"2023-08-28 20:14:15",58,"2023-10-19 00:18:30"
196,157,"52a62c11-7c4f-4912-91c9-ff5c145328cd",갤럭시워치(Galaxy Watch),"2023-08-28 02:42:06",66,"2023-10-19 00:18:30"
196,156,"52a62c11-7c4f-4912-91c9-ff5c145328cd",갤럭시워치(Galaxy Watch),"2023-08-27 17:37:24",90,"2023-10-19 00:18:30"
196,155,"52a62c11-7c4f-4912-91c9-ff5c145328cd",갤럭시워치(Galaxy Watch),"2023-08-27 17:03:05",129,"2023-10-19 00:18:30"
196,154,"52a62c11-7c4f-4912-91c9-ff5c145328cd",갤럭시워치(Galaxy Watch),"2023-08-24 16:49:39",60,"2023-10-19 00:18:30"
196,153,"52a62c11-7c4f-4912-91c9-ff5c145328cd",갤럭시워치(Galaxy Watch),"2023-08-23 18:10:47",61,"2023-10-19 00:18:30"
196,152,"52a62c11-7c4f-4912-91c9-ff5c145328cd",갤럭시워치(Galaxy Watch),"2023-08-22 22:12:07",80,"2023-10-19 00:18:30"
196,151,"52a62c11-7c4f-4912-91c9-ff5c145328cd",갤럭시워치(Galaxy Watch),"2023-08-22 21:26:48",65,"2023-10-19 00:18:30"
196,150,"52a62c11-7c4f-4912-91c9-ff5c145328cd",갤럭시워치(Galaxy Watch),"2023-08-22 21:02:45",83,"2023-10-19 00:18:30"
196,149,"52a62c11-7c4f-4912-91c9-ff5c145328cd",갤럭시워치(Galaxy Watch),"2023-08-14 03:08:45",55,"2023-10-19 00:18:30"
196,148,"52a62c11-7c4f-4912-91c9-ff5c145328cd",갤럭시워치(Galaxy Watch),"2023-08-12 03:59:41",56,"2023-10-19 00:18:30"
196,147,"52a62c11-7c4f-4912-91c9-ff5c145328cd",갤럭시워치(Galaxy Watch),"2023-08-09 21:51:30",59,"2023-10-19 00:18:30"
196,146,"52a62c11-7c4f-4912-91c9-ff5c145328cd",갤럭시워치(Galaxy Watch),"2023-08-02 17:16:13",69,"2023-10-19 00:18:30"
196,145,"52a62c11-7c4f-4912-91c9-ff5c145328cd",갤럭시워치(Galaxy Watch),"2023-08-01 22:52:47",62,"2023-10-19 00:18:30"
196,144,"52a62c11-7c4f-4912-91c9-ff5c145328cd",갤럭시워치(Galaxy Watch),"2023-08-01 22:52:22",67,"2023-10-19 00:18:30"
196,143,"52a62c11-7c4f-4912-91c9-ff5c145328cd",갤럭시워치(Galaxy Watch),"2023-08-01 02:57:44",54,"2023-10-19 00:18:30"
196,142,"52a62c11-7c4f-4912-91c9-ff5c145328cd",갤럭시워치(Galaxy Watch),"2023-08-01 02:57:18",59,"2023-10-19 00:18:30"
196,141,"52a62c11-7c4f-4912-91c9-ff5c145328cd",갤럭시워치(Galaxy Watch),"2023-07-31 21:32:06",64,"2023-10-19 00:18:30"
196,140,"52a62c11-7c4f-4912-91c9-ff5c145328cd",갤럭시워치(Galaxy Watch),"2023-07-31 19:34:21",62,"2023-10-19 00:18:30"
196,139,"52a62c11-7c4f-4912-91c9-ff5c145328cd",갤럭시워치(Galaxy Watch),"2023-07-31 18:33:55",63,"2023-10-19 00:18:30"
196,138,"52a62c11-7c4f-4912-91c9-ff5c145328cd",갤럭시워치(Galaxy Watch),"2023-07-29 19:06:28",86,"2023-10-19 00:18:30"
196,137,"52a62c11-7c4f-4912-91c9-ff5c145328cd",갤럭시워치(Galaxy Watch),"2023-07-29 00:29:45",76,"2023-10-19 00:18:30"
196,136,"52a62c11-7c4f-4912-91c9-ff5c145328cd",갤럭시워치(Galaxy Watch),"2023-07-28 22:48:14",57,"2023-10-19 00:18:30"
196,135,"52a62c11-7c4f-4912-91c9-ff5c145328cd",갤럭시워치(Galaxy Watch),"2023-07-28 21:49:11",64,"2023-10-19 00:18:30"
196,134,"52a62c11-7c4f-4912-91c9-ff5c145328cd",갤럭시워치(Galaxy Watch),"2023-07-26 23:29:57",69,"2023-10-19 00:18:30"
196,133,"52a62c11-7c4f-4912-91c9-ff5c145328cd",갤럭시워치(Galaxy Watch),"2023-07-26 23:27:02",63,"2023-10-19 00:18:30"
196,132,"52a62c11-7c4f-4912-91c9-ff5c145328cd",갤럭시워치(Galaxy Watch),"2023-07-26 01:07:32",85,"2023-10-19 00:18:30"
196,131,"52a62c11-7c4f-4912-91c9-ff5c145328cd",갤럭시워치(Galaxy Watch),"2023-07-25 02:24:51",69,"2023-10-19 00:18:30"
196,130,"52a62c11-7c4f-4912-91c9-ff5c145328cd",갤럭시워치(Galaxy Watch),"2023-07-24 15:42:09",58,"2023-10-19 00:18:30"
196,129,"52a62c11-7c4f-4912-91c9-ff5c145328cd",갤럭시워치(Galaxy Watch),"2023-07-24 15:38:36",55,"2023-10-19 00:18:30"
196,128,"52a62c11-7c4f-4912-91c9-ff5c145328cd",갤럭시워치(Galaxy Watch),"2023-07-22 10:42:13",62,"2023-10-19 00:18:30"
196,127,"52a62c11-7c4f-4912-91c9-ff5c145328cd",갤럭시워치(Galaxy Watch),"2023-07-22 03:47:36",60,"2023-10-19 00:18:30"
196,126,"52a62c11-7c4f-4912-91c9-ff5c145328cd",갤럭시워치(Galaxy Watch),"2023-07-22 01:38:38",84,"2023-10-19 00:18:30"
196,125,"52a62c11-7c4f-4912-91c9-ff5c145328cd",갤럭시워치(Galaxy Watch),"2023-07-21 02:32:06",66,"2023-10-19 00:18:30"
196,124,"52a62c11-7c4f-4912-91c9-ff5c145328cd",갤럭시워치(Galaxy Watch),"2023-07-19 21:03:37",60,"2023-10-19 00:18:30"
196,123,"52a62c11-7c4f-4912-91c9-ff5c145328cd",갤럭시워치(Galaxy Watch),"2023-07-19 21:02:28",64,"2023-10-19 00:18:30"
196,122,"52a62c11-7c4f-4912-91c9-ff5c145328cd",갤럭시워치(Galaxy Watch),"2023-07-19 19:51:28",60,"2023-10-19 00:18:30"
196,121,"52a62c11-7c4f-4912-91c9-ff5c145328cd",갤럭시워치(Galaxy Watch),"2023-07-19 19:45:25",62,"2023-10-19 00:18:30"
196,120,"52a62c11-7c4f-4912-91c9-ff5c145328cd",갤럭시워치(Galaxy Watch),"2023-07-17 17:03:52",64,"2023-10-19 00:18:30"
196,119,"52a62c11-7c4f-4912-91c9-ff5c145328cd",갤럭시워치(Galaxy Watch),"2023-07-14 23:48:15",79,"2023-10-19 00:18:30"
196,118,"52a62c11-7c4f-4912-91c9-ff5c145328cd",갤럭시워치(Galaxy Watch),"2023-07-12 16:59:36",72,"2023-10-19 00:18:30"
196,117,"52a62c11-7c4f-4912-91c9-ff5c145328cd",갤럭시워치(Galaxy Watch),"2023-07-11 18:29:15",68,"2023-10-19 00:18:30"
196,116,"52a62c11-7c4f-4912-91c9-ff5c145328cd",갤럭시워치(Galaxy Watch),"2023-07-11 17:40:39",69,"2023-10-19 00:18:30"
196,115,"52a62c11-7c4f-4912-91c9-ff5c145328cd",갤럭시워치(Galaxy Watch),"2023-07-11 17:16:08",72,"2023-10-19 00:18:30"
196,114,"52a62c11-7c4f-4912-91c9-ff5c145328cd",갤럭시워치(Galaxy Watch),"2023-07-11 00:20:07",66,"2023-10-19 00:18:30"
196,113,"52a62c11-7c4f-4912-91c9-ff5c145328cd",갤럭시워치(Galaxy Watch),"2023-07-10 20:14:10",68,"2023-10-19 00:18:30"
196,112,"52a62c11-7c4f-4912-91c9-ff5c145328cd",갤럭시워치(Galaxy Watch),"2023-07-10 20:12:36",70,"2023-10-19 00:18:30"
196,111,"52a62c11-7c4f-4912-91c9-ff5c145328cd",갤럭시워치(Galaxy Watch),"2023-07-10 20:11:48",59,"2023-10-19 00:18:30"
196,110,"52a62c11-7c4f-4912-91c9-ff5c145328cd",갤럭시워치(Galaxy Watch),"2023-07-10 20:11:17",58,"2023-10-19 00:18:30"
196,109,"52a62c11-7c4f-4912-91c9-ff5c145328cd",갤럭시워치(Galaxy Watch),"2023-07-10 20:10:53",62,"2023-10-19 00:18:30"
196,108,"52a62c11-7c4f-4912-91c9-ff5c145328cd",갤럭시워치(Galaxy Watch),"2023-07-10 17:41:38",64,"2023-10-19 00:18:30"
196,107,"52a62c11-7c4f-4912-91c9-ff5c145328cd",갤럭시워치(Galaxy Watch),"2023-07-10 17:41:06",71,"2023-10-19 00:18:30"
196,106,"52a62c11-7c4f-4912-91c9-ff5c145328cd",갤럭시워치(Galaxy Watch),"2023-07-08 01:21:06",60,"2023-10-19 00:18:30"
196,105,"52a62c11-7c4f-4912-91c9-ff5c145328cd",갤럭시워치(Galaxy Watch),"2023-07-07 23:44:12",76,"2023-10-19 00:18:30"
196,104,"52a62c11-7c4f-4912-91c9-ff5c145328cd",갤럭시워치(Galaxy Watch),"2023-07-06 17:35:26",67,"2023-10-19 00:18:30"
196,103,"52a62c11-7c4f-4912-91c9-ff5c145328cd",갤럭시워치(Galaxy Watch),"2023-07-04 17:07:53",66,"2023-10-19 00:18:30"
196,102,"52a62c11-7c4f-4912-91c9-ff5c145328cd",갤럭시워치(Galaxy Watch),"2023-07-03 19:45:34",67,"2023-10-19 00:18:30"
196,101,"52a62c11-7c4f-4912-91c9-ff5c145328cd",갤럭시워치(Galaxy Watch),"2023-07-03 16:49:06",74,"2023-10-19 00:18:30"
196,100,"52a62c11-7c4f-4912-91c9-ff5c145328cd",갤럭시워치(Galaxy Watch),"2023-07-02 20:24:21",73,"2023-10-19 00:18:30"
196,99,"52a62c11-7c4f-4912-91c9-ff5c145328cd",갤럭시워치(Galaxy Watch),"2023-07-02 07:54:14",86,"2023-10-19 00:18:30"
196,98,"52a62c11-7c4f-4912-91c9-ff5c145328cd",갤럭시워치(Galaxy Watch),"2023-06-29 15:47:39",83,"2023-10-19 00:18:30"
196,97,"52a62c11-7c4f-4912-91c9-ff5c145328cd",갤럭시워치(Galaxy Watch),"2023-06-29 15:47:13",81,"2023-10-19 00:18:30"
196,96,"52a62c11-7c4f-4912-91c9-ff5c145328cd",갤럭시워치(Galaxy Watch),"2023-06-29 15:46:55",76,"2023-10-19 00:18:30"
196,95,"52a62c11-7c4f-4912-91c9-ff5c145328cd",갤럭시워치(Galaxy Watch),"2023-06-29 15:46:35",55,"2023-10-19 00:18:30"
196,94,"52a62c11-7c4f-4912-91c9-ff5c145328cd",갤럭시워치(Galaxy Watch),"2023-06-28 22:21:51",69,"2023-10-19 00:18:30"
196,93,"52a62c11-7c4f-4912-91c9-ff5c145328cd",갤럭시워치(Galaxy Watch),"2023-06-27 17:44:02",72,"2023-10-19 00:18:30"
196,92,"52a62c11-7c4f-4912-91c9-ff5c145328cd",갤럭시워치(Galaxy Watch),"2023-06-27 02:02:37",66,"2023-10-19 00:18:30"
